dot,arch,cells,layers,spacing_nm,gap_nm,generators,sensors,strongest_mT,median_mT,eff_sources,top1_share,top3_share,other_layer_share,other_cell_share,centre_cell_max_from_neighbours_mT,typical_sensor_field_mT,typical_pattern_change_mT,worst_case_field_on_generator_mT,typical_field_on_generator_mT,anisotropy_field_mT,stability_margin,thermal_delta_300K
d30_t3,base,7,6,30,45,756,756,3.959,0.00309,16.3,0.174,0.378,0.739,0.1866,0.7482,4.805,5.702,55.93,11.6,995.0,17.8,255.0
d30_t3,base,7,6,30,75,756,756,3.959,0.00251,14.43,0.185,0.403,0.747,0.1362,0.2415,4.783,5.672,54.39,11.59,995.0,18.3,255.0
d30_t3,base,7,6,45,45,756,756,2.253,0.00241,19.4,0.141,0.358,0.63,0.2113,0.7482,3.066,3.663,34.63,4.97,995.0,28.7,255.0
d30_t3,base,7,6,45,75,756,756,2.253,0.00195,17.22,0.15,0.381,0.64,0.1592,0.2415,3.04,3.644,33.5,4.87,995.0,29.7,255.0
d30_t3,base,7,6,60,45,756,756,1.846,0.00198,21.51,0.136,0.328,0.538,0.2302,0.7482,2.318,2.762,26.72,3.14,995.0,37.2,255.0
d30_t3,base,7,6,60,75,756,756,1.846,0.00156,18.94,0.147,0.353,0.545,0.1714,0.2415,2.282,2.719,25.78,2.75,995.0,38.6,255.0
d30_t3,base,7,10,30,45,1260,1260,3.959,0.0022,21.33,0.146,0.331,0.781,0.1971,0.7482,5.0,5.977,62.35,11.69,995.0,16.0,255.0
d30_t3,base,7,10,30,75,1260,1260,3.959,0.00181,18.84,0.156,0.353,0.787,0.1466,0.2415,4.976,5.948,60.6,11.65,995.0,16.4,255.0
d30_t3,base,7,10,45,45,1260,1260,2.253,0.00171,24.56,0.122,0.319,0.68,0.2236,0.7482,3.164,3.786,37.99,5.09,995.0,26.2,255.0
d30_t3,base,7,10,45,75,1260,1260,2.253,0.00133,21.7,0.13,0.341,0.688,0.1713,0.2415,3.138,3.767,36.65,4.95,995.0,27.1,255.0
d30_t3,base,7,10,60,45,1260,1260,1.846,0.00138,26.68,0.121,0.294,0.591,0.2448,0.7482,2.36,2.83,28.91,3.19,995.0,34.4,255.0
d30_t3,base,7,10,60,75,1260,1260,1.846,0.0012,23.42,0.13,0.317,0.597,0.1863,0.2415,2.323,2.784,27.73,2.75,995.0,35.9,255.0
d30_t3,base,19,6,30,45,2052,2052,3.959,0.00083,19.01,0.161,0.349,0.739,0.2481,0.7482,4.819,5.742,57.58,11.63,995.0,17.3,255.0
d30_t3,base,19,6,30,75,2052,2052,3.959,0.00064,16.23,0.174,0.379,0.748,0.1856,0.2415,4.789,5.716,55.62,11.61,995.0,17.9,255.0
d30_t3,base,19,6,45,45,2052,2052,2.253,0.00071,23.2,0.128,0.326,0.635,0.2811,0.7482,3.082,3.695,36.2,5.0,995.0,27.5,255.0
d30_t3,base,19,6,45,75,2052,2052,2.253,0.00058,19.87,0.14,0.354,0.647,0.2174,0.2415,3.046,3.659,34.68,4.87,995.0,28.7,255.0
d30_t3,base,19,6,60,45,2052,2052,1.846,0.00059,26.1,0.123,0.296,0.549,0.3053,0.7482,2.337,2.802,28.17,3.31,995.0,35.3,255.0
d30_t3,base,19,6,60,75,2052,2052,1.846,0.00049,22.19,0.136,0.326,0.557,0.2346,0.2415,2.288,2.742,26.89,2.78,995.0,37.0,255.0
d30_t3,base,19,10,30,45,3420,3420,3.959,0.00068,25.32,0.134,0.303,0.783,0.2643,0.7482,5.002,5.998,64.9,11.78,995.0,15.3,255.0
d30_t3,base,19,10,30,75,3420,3420,3.959,0.00054,21.54,0.145,0.329,0.79,0.2019,0.2415,4.97,5.965,62.54,11.73,995.0,15.9,255.0
d30_t3,base,19,10,45,45,3420,3420,2.253,0.00053,29.94,0.11,0.288,0.687,0.2989,0.7482,3.174,3.806,40.21,5.14,995.0,24.7,255.0
d30_t3,base,19,10,45,75,3420,3420,2.253,0.00042,25.5,0.12,0.314,0.697,0.2354,0.2415,3.138,3.77,38.37,4.96,995.0,25.9,255.0
d30_t3,base,19,10,60,45,3420,3420,1.846,0.00044,33.01,0.107,0.263,0.604,0.3246,0.7482,2.376,2.852,30.77,3.33,995.0,32.3,255.0
d30_t3,base,19,10,60,75,3420,3420,1.846,0.00035,27.96,0.119,0.29,0.611,0.2552,0.2415,2.327,2.789,29.21,2.78,995.0,34.1,255.0
d30_t3,C,7,6,30,45,378,378,11.472,0.00298,2.99,0.481,0.77,0.945,0.0879,0.2978,11.847,21.507,22.94,3.07,995.0,43.4,255.0
d30_t3,C,7,6,30,75,378,378,11.472,0.00238,2.87,0.492,0.786,0.949,0.0689,0.2401,11.84,21.536,22.19,2.77,995.0,44.8,255.0
d30_t3,C,7,6,45,45,378,378,4.077,0.00249,5.11,0.363,0.624,0.885,0.1567,0.4823,4.407,6.843,18.24,2.27,995.0,54.5,255.0
d30_t3,C,7,6,45,75,378,378,4.077,0.00203,4.6,0.383,0.652,0.89,0.1121,0.0828,4.374,7.029,17.64,2.06,995.0,56.4,255.0
d30_t3,C,7,6,60,45,378,378,1.843,0.00184,9.08,0.258,0.497,0.823,0.2137,0.4905,2.14,2.689,15.7,2.11,995.0,63.4,255.0
d30_t3,C,7,6,60,75,378,378,1.843,0.00146,7.78,0.282,0.533,0.825,0.1473,0.0504,2.107,2.771,15.24,2.0,995.0,65.3,255.0
d30_t3,C,7,10,30,45,630,630,11.472,0.00216,3.57,0.418,0.732,0.952,0.0986,0.2978,11.896,21.553,26.0,3.09,995.0,38.3,255.0
d30_t3,C,7,10,30,75,630,630,11.472,0.00181,3.41,0.428,0.75,0.956,0.0771,0.2401,11.884,21.597,25.13,2.73,995.0,39.6,255.0
d30_t3,C,7,10,45,45,630,630,4.077,0.00178,6.13,0.314,0.585,0.9,0.1686,0.4823,4.45,6.98,19.78,2.29,995.0,50.3,255.0
d30_t3,C,7,10,45,75,630,630,4.077,0.00133,5.5,0.333,0.613,0.905,0.1231,0.0828,4.41,7.138,19.1,2.07,995.0,52.1,255.0
d30_t3,C,7,10,60,45,630,630,1.843,0.00132,10.83,0.225,0.46,0.845,0.2265,0.4905,2.187,2.801,16.73,2.12,995.0,59.5,255.0
d30_t3,C,7,10,60,75,630,630,1.843,0.00118,9.26,0.245,0.495,0.847,0.161,0.0504,2.146,2.869,16.15,2.0,995.0,61.6,255.0
d30_t3,C,19,6,30,45,1026,1026,11.472,0.00082,3.22,0.462,0.741,0.94,0.1216,0.2978,11.818,21.474,23.76,3.16,995.0,41.9,255.0
d30_t3,C,19,6,30,75,1026,1026,11.472,0.00063,3.04,0.477,0.763,0.946,0.0958,0.2401,11.809,21.526,22.8,2.77,995.0,43.6,255.0
d30_t3,C,19,6,45,45,1026,1026,4.077,0.0007,5.82,0.337,0.584,0.88,0.2126,0.4823,4.402,6.778,19.01,2.43,995.0,52.3,255.0
d30_t3,C,19,6,45,75,1026,1026,4.077,0.00057,5.08,0.363,0.619,0.886,0.1562,0.0828,4.358,7.017,18.22,2.08,995.0,54.6,255.0
d30_t3,C,19,6,60,45,1026,1026,1.843,0.00058,10.82,0.233,0.453,0.819,0.2846,0.4905,2.145,2.663,16.41,2.22,995.0,60.6,255.0
d30_t3,C,19,6,60,75,1026,1026,1.843,0.00049,8.9,0.262,0.496,0.822,0.2045,0.0504,2.1,2.759,15.79,2.02,995.0,63.0,255.0
d30_t3,C,19,10,30,45,1710,1710,11.472,0.00066,3.9,0.399,0.7,0.949,0.1376,0.2978,11.925,21.522,27.27,3.26,995.0,36.5,255.0
d30_t3,C,19,10,30,75,1710,1710,11.472,0.00054,3.64,0.413,0.724,0.953,0.1085,0.2401,11.913,21.576,26.1,2.76,995.0,38.1,255.0
d30_t3,C,19,10,45,45,1710,1710,4.077,0.00052,7.11,0.29,0.543,0.896,0.2297,0.4823,4.47,6.895,20.89,2.47,995.0,47.6,255.0
d30_t3,C,19,10,45,75,1710,1710,4.077,0.00041,6.16,0.313,0.578,0.902,0.1727,0.0828,4.422,7.121,19.96,2.09,995.0,49.8,255.0
d30_t3,C,19,10,60,45,1710,1710,1.843,0.00043,13.12,0.202,0.416,0.843,0.3017,0.4905,2.201,2.76,17.66,2.24,995.0,56.3,255.0
d30_t3,C,19,10,60,75,1710,1710,1.843,0.00034,10.77,0.226,0.457,0.846,0.2235,0.0504,2.152,2.856,16.88,2.03,995.0,58.9,255.0
d21_t3,base,7,6,30,45,756,756,2.69,0.00141,11.11,0.226,0.453,0.771,0.1686,0.4074,3.08,3.74,27.01,6.28,995.0,36.8,125.0
d21_t3,base,7,6,30,75,756,756,2.69,0.00114,9.9,0.239,0.48,0.782,0.1209,0.1251,3.071,3.747,26.3,6.28,995.0,37.8,125.0
d21_t3,base,7,6,45,45,756,756,1.316,0.00111,15.91,0.168,0.399,0.655,0.2034,0.4074,1.675,1.997,15.68,2.34,995.0,63.4,125.0
d21_t3,base,7,6,45,75,756,756,1.316,0.00091,14.14,0.179,0.422,0.668,0.152,0.1251,1.662,1.985,15.16,2.32,995.0,65.6,125.0
d21_t3,base,7,6,60,45,756,756,0.846,0.00092,19.42,0.139,0.355,0.552,0.2323,0.4074,1.152,1.375,11.82,1.41,995.0,84.1,125.0
d21_t3,base,7,6,60,75,756,756,0.846,0.00072,17.04,0.15,0.38,0.562,0.1707,0.1251,1.131,1.353,11.39,1.25,995.0,87.3,125.0
d21_t3,base,7,10,30,45,1260,1260,2.69,0.00102,14.22,0.191,0.404,0.807,0.1793,0.4074,3.188,3.915,29.96,6.27,995.0,33.2,125.0
d21_t3,base,7,10,30,75,1260,1260,2.69,0.00084,12.63,0.203,0.428,0.815,0.1313,0.1251,3.177,3.918,29.16,6.26,995.0,34.1,125.0
d21_t3,base,7,10,45,45,1260,1260,1.316,0.0008,19.85,0.146,0.359,0.701,0.2154,0.4074,1.731,2.076,17.22,2.41,995.0,57.8,125.0
d21_t3,base,7,10,45,75,1260,1260,1.316,0.00061,17.57,0.156,0.382,0.711,0.1639,0.1251,1.719,2.066,16.6,2.41,995.0,59.9,125.0
d21_t3,base,7,10,60,45,1260,1260,0.846,0.00063,23.94,0.123,0.319,0.604,0.2462,0.4074,1.177,1.411,12.83,1.43,995.0,77.5,125.0
d21_t3,base,7,10,60,75,1260,1260,0.846,0.00055,20.94,0.133,0.344,0.612,0.1853,0.1251,1.156,1.386,12.29,1.26,995.0,81.0,125.0
d21_t3,base,19,6,30,45,2052,2052,2.69,0.00038,12.75,0.21,0.421,0.769,0.2254,0.4074,3.087,3.774,27.77,6.3,995.0,35.8,125.0
d21_t3,base,19,6,30,75,2052,2052,2.69,0.0003,10.98,0.227,0.455,0.781,0.1657,0.1251,3.074,3.773,26.87,6.3,995.0,37.0,125.0
d21_t3,base,19,6,45,45,2052,2052,1.316,0.00032,18.87,0.153,0.365,0.657,0.2711,0.4074,1.683,2.013,16.4,2.35,995.0,60.7,125.0
d21_t3,base,19,6,45,75,2052,2052,1.316,0.00026,16.19,0.167,0.393,0.672,0.2079,0.1251,1.665,1.996,15.7,2.34,995.0,63.3,125.0
d21_t3,base,19,6,60,45,2052,2052,0.846,0.00027,23.53,0.124,0.32,0.561,0.3072,0.4074,1.163,1.395,12.49,1.47,995.0,79.6,125.0
d21_t3,base,19,6,60,75,2052,2052,0.846,0.00023,19.93,0.139,0.351,0.572,0.2334,0.1251,1.134,1.363,11.9,1.27,995.0,83.6,125.0
d21_t3,base,19,10,30,45,3420,3420,2.69,0.00031,16.61,0.176,0.372,0.806,0.2418,0.4074,3.188,3.927,31.13,6.32,995.0,31.9,125.0
d21_t3,base,19,10,30,75,3420,3420,2.69,0.00025,14.23,0.19,0.403,0.816,0.1819,0.1251,3.173,3.929,30.05,6.32,995.0,33.1,125.0
d21_t3,base,19,10,45,45,3420,3420,1.316,0.00024,23.98,0.132,0.326,0.705,0.2885,0.4074,1.736,2.081,18.24,2.42,995.0,54.5,125.0
d21_t3,base,19,10,45,75,3420,3420,1.316,0.00019,20.48,0.144,0.353,0.717,0.2257,0.1251,1.718,2.063,17.4,2.42,995.0,57.2,125.0
d21_t3,base,19,10,60,45,3420,3420,0.846,0.0002,29.55,0.109,0.286,0.614,0.3258,0.4074,1.185,1.421,13.69,1.49,995.0,72.7,125.0
d21_t3,base,19,10,60,75,3420,3420,0.846,0.00016,24.96,0.122,0.314,0.624,0.2536,0.1251,1.157,1.388,12.97,1.27,995.0,76.7,125.0
d21_t3,C,7,6,30,45,378,378,6.275,0.00137,2.74,0.504,0.799,0.952,0.0778,0.1367,6.449,11.899,10.09,1.38,995.0,98.6,125.0
d21_t3,C,7,6,30,75,378,378,6.275,0.0011,2.64,0.515,0.814,0.956,0.0603,0.1105,6.445,11.911,9.74,1.27,995.0,102.1,125.0
d21_t3,C,7,6,45,45,378,378,2.033,0.00115,4.73,0.379,0.642,0.891,0.1495,0.2059,2.179,3.491,7.89,0.99,995.0,126.0,125.0
d21_t3,C,7,6,45,75,378,378,2.033,0.00093,4.29,0.398,0.669,0.896,0.1076,0.0386,2.165,3.57,7.62,0.89,995.0,130.6,125.0
d21_t3,C,7,6,60,45,378,378,0.886,0.00086,8.63,0.267,0.508,0.827,0.2099,0.2208,1.02,1.302,6.72,0.92,995.0,147.9,125.0
d21_t3,C,7,6,60,75,378,378,0.886,0.00067,7.42,0.291,0.543,0.83,0.1449,0.0212,1.005,1.346,6.51,0.86,995.0,152.7,125.0
d21_t3,C,7,10,30,45,630,630,6.275,0.00099,3.23,0.439,0.765,0.958,0.0876,0.1367,6.468,11.92,11.49,1.39,995.0,86.6,125.0
d21_t3,C,7,10,30,75,630,630,6.275,0.00083,3.09,0.449,0.782,0.961,0.0678,0.1105,6.462,11.941,11.09,1.24,995.0,89.7,125.0
d21_t3,C,7,10,45,45,630,630,2.033,0.00081,5.66,0.329,0.605,0.905,0.1614,0.2059,2.198,3.55,8.6,1.0,995.0,115.7,125.0
d21_t3,C,7,10,45,75,630,630,2.033,0.00061,5.11,0.346,0.631,0.91,0.1184,0.0386,2.181,3.618,8.29,0.89,995.0,120.0,125.0
d21_t3,C,7,10,60,45,630,630,0.886,0.00061,10.29,0.233,0.471,0.849,0.2228,0.2208,1.041,1.354,7.2,0.92,995.0,138.2,125.0
d21_t3,C,7,10,60,75,630,630,0.886,0.00055,8.82,0.253,0.505,0.851,0.1586,0.0212,1.023,1.393,6.93,0.86,995.0,143.5,125.0
d21_t3,C,19,6,30,45,1026,1026,6.275,0.00037,2.92,0.487,0.773,0.948,0.1081,0.1367,6.434,11.886,10.47,1.41,995.0,95.0,125.0
d21_t3,C,19,6,30,75,1026,1026,6.275,0.00029,2.77,0.501,0.794,0.953,0.0843,0.1105,6.43,11.909,10.03,1.26,995.0,99.2,125.0
d21_t3,C,19,6,45,45,1026,1026,2.033,0.00032,5.36,0.353,0.603,0.885,0.2036,0.2059,2.177,3.464,8.25,1.06,995.0,120.6,125.0
d21_t3,C,19,6,45,75,1026,1026,2.033,0.00026,4.72,0.378,0.636,0.892,0.1503,0.0386,2.158,3.565,7.89,0.9,995.0,126.1,125.0
d21_t3,C,19,6,60,45,1026,1026,0.886,0.00027,10.27,0.241,0.464,0.823,0.2802,0.2208,1.022,1.285,7.05,0.96,995.0,141.0,125.0
d21_t3,C,19,6,60,75,1026,1026,0.886,0.00023,8.47,0.27,0.506,0.826,0.2015,0.0212,1.002,1.341,6.77,0.87,995.0,147.0,125.0
d21_t3,C,19,10,30,45,1710,1710,6.275,0.00031,3.49,0.422,0.735,0.955,0.1228,0.1367,6.484,11.905,12.08,1.45,995.0,82.4,125.0
d21_t3,C,19,10,30,75,1710,1710,6.275,0.00025,3.28,0.435,0.758,0.959,0.096,0.1105,6.478,11.93,11.54,1.26,995.0,86.2,125.0
d21_t3,C,19,10,45,45,1710,1710,2.033,0.00024,6.52,0.304,0.563,0.901,0.2206,0.2059,2.207,3.514,9.11,1.08,995.0,109.2,125.0
d21_t3,C,19,10,45,75,1710,1710,2.033,0.00019,5.7,0.327,0.596,0.907,0.1664,0.0386,2.187,3.61,8.68,0.91,995.0,114.6,125.0
d21_t3,C,19,10,60,45,1710,1710,0.886,0.0002,12.44,0.209,0.426,0.846,0.2974,0.2208,1.048,1.331,7.63,0.97,995.0,130.4,125.0
d21_t3,C,19,10,60,75,1710,1710,0.886,0.00016,10.24,0.234,0.467,0.849,0.2205,0.0212,1.026,1.385,7.27,0.87,995.0,136.8,125.0
d39_t3,base,7,6,30,45,756,756,4.586,0.00523,23.06,0.131,0.314,0.706,0.1996,1.0754,6.101,7.237,90.87,16.57,995.0,10.9,430.0
d39_t3,base,7,6,30,75,756,756,4.586,0.00423,20.38,0.14,0.334,0.712,0.1476,0.3628,6.062,7.188,88.27,16.44,995.0,11.3,430.0
d39_t3,base,7,6,45,45,756,756,3.084,0.00403,23.01,0.119,0.32,0.602,0.2178,1.0754,4.466,5.325,59.84,8.18,995.0,16.6,430.0
d39_t3,base,7,6,45,75,756,756,3.084,0.00331,20.35,0.127,0.342,0.609,0.1648,0.3628,4.425,5.282,57.93,7.79,995.0,17.2,430.0
d39_t3,base,7,6,60,45,756,756,3.084,0.00331,23.52,0.132,0.302,0.521,0.2262,1.0754,3.682,4.381,47.39,5.49,995.0,21.0,430.0
d39_t3,base,7,6,60,75,756,756,3.084,0.00263,20.8,0.142,0.324,0.527,0.1701,0.3628,3.634,4.328,45.8,4.73,995.0,21.7,430.0
d39_t3,base,7,10,30,45,1260,1260,4.586,0.00369,30.78,0.11,0.27,0.755,0.2098,1.0754,6.358,7.57,101.67,16.9,995.0,9.8,430.0
d39_t3,base,7,10,30,75,1260,1260,4.586,0.00305,27.13,0.117,0.288,0.76,0.1578,0.3628,6.317,7.527,98.71,16.75,995.0,10.1,430.0
d39_t3,base,7,10,45,45,1260,1260,3.084,0.00288,29.53,0.102,0.282,0.656,0.2304,1.0754,4.59,5.499,65.5,8.35,995.0,15.2,430.0
d39_t3,base,7,10,45,75,1260,1260,3.084,0.00225,26.01,0.11,0.302,0.662,0.177,0.3628,4.547,5.453,63.23,7.8,995.0,15.7,430.0
d39_t3,base,7,10,60,45,1260,1260,3.084,0.0023,29.32,0.117,0.269,0.576,0.2414,1.0754,3.737,4.475,51.07,5.56,995.0,19.5,430.0
d39_t3,base,7,10,60,75,1260,1260,3.084,0.002,25.83,0.126,0.289,0.581,0.1852,0.3628,3.688,4.418,49.07,4.72,995.0,20.3,430.0
d39_t3,base,19,6,30,45,2052,2052,4.586,0.00139,27.17,0.121,0.288,0.709,0.2644,1.0754,6.126,7.305,93.64,16.66,995.0,10.6,430.0
d39_t3,base,19,6,30,75,2052,2052,4.586,0.00107,23.15,0.131,0.314,0.716,0.2004,0.3628,6.072,7.238,90.34,16.52,995.0,11.0,430.0
d39_t3,base,19,6,45,45,2052,2052,3.084,0.00119,27.69,0.108,0.29,0.61,0.2893,1.0754,4.491,5.384,62.46,8.34,995.0,15.9,430.0
d39_t3,base,19,6,45,75,2052,2052,3.084,0.00097,23.62,0.118,0.317,0.618,0.2246,0.3628,4.434,5.318,59.91,7.79,995.0,16.6,430.0
d39_t3,base,19,6,60,45,2052,2052,3.084,0.00099,28.53,0.119,0.272,0.534,0.3008,1.0754,3.709,4.436,49.81,5.81,995.0,20.0,430.0
d39_t3,base,19,6,60,75,2052,2052,3.084,0.00082,24.35,0.131,0.299,0.54,0.2331,0.3628,3.644,4.358,47.65,4.77,995.0,20.9,430.0
d39_t3,base,19,10,30,45,3420,3420,4.586,0.00114,36.93,0.1,0.246,0.76,0.2802,1.0754,6.366,7.611,105.94,17.08,995.0,9.4,430.0
d39_t3,base,19,10,30,75,3420,3420,4.586,0.00091,31.35,0.109,0.268,0.765,0.2165,0.3628,6.312,7.544,101.95,16.93,995.0,9.8,430.0
d39_t3,base,19,10,45,45,3420,3420,3.084,0.00088,36.23,0.092,0.254,0.667,0.3073,1.0754,4.608,5.522,69.2,8.49,995.0,14.4,430.0
d39_t3,base,19,10,45,75,3420,3420,3.084,0.0007,30.75,0.101,0.278,0.673,0.2429,0.3628,4.55,5.453,66.11,7.84,995.0,15.0,430.0
d39_t3,base,19,10,60,45,3420,3420,3.084,0.00074,36.26,0.104,0.24,0.591,0.3209,1.0754,3.761,4.514,54.19,5.84,995.0,18.4,430.0
d39_t3,base,19,10,60,75,3420,3420,3.084,0.00059,30.82,0.115,0.265,0.596,0.2541,0.3628,3.695,4.43,51.55,4.76,995.0,19.3,430.0
d39_t3,C,7,6,30,45,378,378,15.941,0.00498,3.37,0.453,0.734,0.937,0.1025,0.5004,16.582,29.375,41.04,5.36,995.0,24.2,430.0
d39_t3,C,7,6,30,75,378,378,15.941,0.004,3.2,0.466,0.753,0.941,0.079,0.4014,16.567,29.457,39.77,4.72,995.0,25.0,430.0
d39_t3,C,7,6,45,45,378,378,6.229,0.00418,5.59,0.344,0.604,0.879,0.1649,0.8776,6.808,10.163,33.28,4.09,995.0,29.9,430.0
d39_t3,C,7,6,45,75,378,378,6.229,0.00339,5.0,0.365,0.632,0.884,0.1171,0.1362,6.748,10.493,32.26,3.74,995.0,30.8,430.0
d39_t3,C,7,6,60,45,378,378,2.934,0.00314,9.65,0.247,0.484,0.818,0.2177,0.843,3.445,4.263,29.01,3.84,995.0,34.3,430.0
d39_t3,C,7,6,60,75,378,378,2.934,0.00244,8.26,0.271,0.52,0.82,0.1498,0.0944,3.387,4.372,28.24,3.66,995.0,35.2,430.0
d39_t3,C,7,10,30,45,630,630,15.941,0.00361,4.08,0.391,0.692,0.945,0.114,0.5004,16.674,29.478,46.19,5.4,995.0,21.5,430.0
d39_t3,C,7,10,30,75,630,630,15.941,0.00301,3.84,0.403,0.713,0.949,0.0879,0.4014,16.651,29.558,44.73,4.67,995.0,22.2,430.0
d39_t3,C,7,10,45,45,630,630,6.229,0.00297,6.74,0.298,0.563,0.895,0.1769,0.8776,6.888,10.403,35.88,4.12,995.0,27.7,430.0
d39_t3,C,7,10,45,75,630,630,6.229,0.00223,6.0,0.317,0.591,0.899,0.1284,0.1362,6.815,10.678,34.73,3.75,995.0,28.6,430.0
d39_t3,C,7,10,60,45,630,630,2.934,0.00221,11.52,0.216,0.447,0.841,0.2304,0.843,3.526,4.441,30.74,3.85,995.0,32.4,430.0
d39_t3,C,7,10,60,75,630,630,2.934,0.00199,9.84,0.236,0.481,0.843,0.1637,0.0944,3.455,4.525,29.76,3.65,995.0,33.4,430.0
d39_t3,C,19,6,30,45,1026,1026,15.941,0.00137,3.67,0.432,0.702,0.932,0.1408,0.5004,16.538,29.315,42.42,5.58,995.0,23.4,430.0
d39_t3,C,19,6,30,75,1026,1026,15.941,0.00105,3.41,0.449,0.728,0.938,0.1094,0.4014,16.519,29.429,40.8,4.73,995.0,24.4,430.0
d39_t3,C,19,6,45,45,1026,1026,6.229,0.00117,6.41,0.319,0.563,0.873,0.2228,0.8776,6.804,10.042,34.58,4.39,995.0,28.8,430.0
d39_t3,C,19,6,45,75,1026,1026,6.229,0.00095,5.54,0.345,0.598,0.88,0.1628,0.1362,6.722,10.473,33.24,3.77,995.0,29.9,430.0
d39_t3,C,19,6,60,45,1026,1026,2.934,0.00098,11.52,0.223,0.441,0.814,0.2893,0.843,3.453,4.228,30.2,4.01,995.0,32.9,430.0
d39_t3,C,19,6,60,75,1026,1026,2.934,0.00083,9.46,0.251,0.483,0.817,0.2076,0.0944,3.376,4.345,29.16,3.68,995.0,34.1,430.0
d39_t3,C,19,10,30,45,1710,1710,15.941,0.00111,4.5,0.371,0.658,0.942,0.1577,0.5004,16.717,29.427,48.32,5.74,995.0,20.6,430.0
d39_t3,C,19,10,30,75,1710,1710,15.941,0.0009,4.15,0.387,0.685,0.946,0.1232,0.4014,16.693,29.527,46.34,4.72,995.0,21.5,430.0
d39_t3,C,19,10,45,45,1710,1710,6.229,0.00088,7.86,0.274,0.521,0.891,0.24,0.8776,6.922,10.249,37.73,4.46,995.0,26.4,430.0
d39_t3,C,19,10,45,75,1710,1710,6.229,0.00069,6.75,0.297,0.556,0.896,0.1797,0.1362,6.834,10.655,36.16,3.79,995.0,27.5,430.0
d39_t3,C,19,10,60,45,1710,1710,2.934,0.00073,13.98,0.193,0.403,0.839,0.3063,0.843,3.549,4.388,32.29,4.06,995.0,30.8,430.0
d39_t3,C,19,10,60,75,1710,1710,2.934,0.00057,11.46,0.217,0.444,0.841,0.2268,0.0944,3.465,4.502,31.0,3.69,995.0,32.1,430.0
